{
    "class_name": "FisheyeCameraParameter",
    "convention": "opencv",
    "height": 540,
    "width": 720,
    "intrinsic": [
        [
            5262.90964434328,
            0.0,
            359.3222292990927
        ],
        [
            0.0,
            5957.730627965903,
            267.6854465230943
        ],
        [
            0.0,
            0.0,
            1.0
        ]
    ],
    "k1": 4.165589686147297,
    "k2": -1213.6658295763589,
    "k3": -4.1738046736874885,
    "k4": 0.0,
    "k5": 0.0,
    "k6": 0.0,
    "p1": -0.01883755885477337,
    "p2": -0.06416167272927438,
    "world2cam": true,
    "extrinsic_r": [
        [
            0,
            0,
            0
        ],
        [
            0,
            0,
            0
        ],
        [
            0,
            0,
            0
        ]
    ],
    "extrinsic_t": [
        0,
        0,
        0
    ]
}