{
    "class_name": "FisheyeCameraParameter",
    "convention": "opencv",
    "height": 540,
    "width": 720,
    "intrinsic": [
        [
            1768.8245902737615,
            0.0,
            356.65265466347887
        ],
        [
            0.0,
            1896.3534620064265,
            281.2158578905587
        ],
        [
            0.0,
            0.0,
            1.0
        ]
    ],
    "k1": 0.13777045297297863,
    "k2": -78.5028776936256,
    "k3": 2107.9055542748524,
    "k4": 0.0,
    "k5": 0.0,
    "k6": 0.0,
    "p1": 0.021174912321650034,
    "p2": -0.02293023576418562,
    "world2cam": true,
    "extrinsic_r": [
        [
            0,
            0,
            0
        ],
        [
            0,
            0,
            0
        ],
        [
            0,
            0,
            0
        ]
    ],
    "extrinsic_t": [
        0,
        0,
        0
    ]
}