{
    "class_name": "FisheyeCameraParameter",
    "convention": "opencv",
    "height": 540,
    "width": 720,
    "intrinsic": [
        [
            5824.84715760882,
            0.0,
            361.4291844519332
        ],
        [
            0.0,
            4426.00359542495,
            269.4234576400258
        ],
        [
            0.0,
            0.0,
            1.0
        ]
    ],
    "k1": -1.6341540186613588,
    "k2": 66.09202062041206,
    "k3": 2.7675916889039915,
    "k4": 0.0,
    "k5": 0.0,
    "k6": 0.0,
    "p1": -0.06492549274680214,
    "p2": -0.2431878199778599,
    "world2cam": true,
    "extrinsic_r": [
        [
            0,
            0,
            0
        ],
        [
            0,
            0,
            0
        ],
        [
            0,
            0,
            0
        ]
    ],
    "extrinsic_t": [
        0,
        0,
        0
    ]
}