{
    "class_name": "FisheyeCameraParameter",
    "convention": "opencv",
    "height": 540,
    "width": 720,
    "intrinsic": [
        [
            659.3050647231038,
            0.0,
            373.6793165205145
        ],
        [
            0.0,
            664.8652409618024,
            269.41618562799454
        ],
        [
            0.0,
            0.0,
            1.0
        ]
    ],
    "k1": -0.8300245021369306,
    "k2": 5.313197095386992,
    "k3": -13.336021777589956,
    "k4": 0.0,
    "k5": 0.0,
    "k6": 0.0,
    "p1": -0.007904027055340743,
    "p2": -0.0003844648252323203,
    "world2cam": true,
    "extrinsic_r": [
        [
            0,
            0,
            0
        ],
        [
            0,
            0,
            0
        ],
        [
            0,
            0,
            0
        ]
    ],
    "extrinsic_t": [
        0,
        0,
        0
    ]
}