{
    "class_name": "FisheyeCameraParameter",
    "convention": "opencv",
    "height": 540,
    "width": 720,
    "intrinsic": [
        [
            1003.2521232047194,
            0.0,
            373.81497440918935
        ],
        [
            0.0,
            1000.8719170266816,
            318.34509520140625
        ],
        [
            0.0,
            0.0,
            1.0
        ]
    ],
    "k1": 0.7126571145246872,
    "k2": -12.590103215198958,
    "k3": 86.32722215683687,
    "k4": 0.0,
    "k5": 0.0,
    "k6": 0.0,
    "p1": 0.020873355240904487,
    "p2": 0.015195790578631565,
    "world2cam": true,
    "extrinsic_r": [
        [
            0,
            0,
            0
        ],
        [
            0,
            0,
            0
        ],
        [
            0,
            0,
            0
        ]
    ],
    "extrinsic_t": [
        0,
        0,
        0
    ]
}